time,prev_state,avg_diff,std_dev,std_diff, new_state
0,chair_away,0,66.5444552898,66.5444552898,69.8208306965,0.430445774697,28,occupied_away,2,-0.35018324852,66.1942720413,69.7568535805,0.325551341498,215,occupied_away,2,-0.579293207689,65.6149788336,69.4180076773,0.572871649175,224,occupied_away,2,0.672899322076,66.2878781557,70.7437336445,5.49318322143,231,occupied_away,2,-0.346532464027,65.9413456917,70.8132445812,1.23112145334,238,occupied_away,2,1.67644023895,67.6177859306,71.7388644814,0.947032311232,245,occupied_away,2,0.643589496613,68.2613754272,70.9597627322,0.553242914588,257,occupied_away,2,5.86718305945,74.1285584867,70.5099008977,17.1807883798,263,occupied_away,2,-10.3243333598,63.8042251269,69.0638860067,3.68751872055,176,chair_close,1,0.92067917188,64.7249042988,68.5152947903,0,086,chair_away,0,0.0851849714915,64.8100892703,68.3409333229,0.428249610026,0