time,prev_state,avg_diff,std_dev,std_diff, new_state
0,chair_away,0,75.30171817,75.30171817,38.1750719114,22.2128489473,17,chair_close,1,-18.7504822558,56.5512359142,15.6072497368,16.6508458594,318,occupied_close,3,32.4493408203,89.0005767345,15.6420052052,37.6761889901,2