time,prev_state,avg_diff,std_dev,std_diff, new_state
8,chair_away,0,chair_away,0,81.6135218649,25.365921855,0.249361038744,016,chair_away,0,chair_away,0,0.303597416257,25.3888366684,0.256592950139,024,chair_away,0,chair_away,0,0.112783080116,25.4683737546,0.347923858241,032,chair_away,0,chair_away,0,0.0200591853406,25.2674255034,0.445757918542,040,chair_away,0,chair_away,0,-24.5499818845,25.9188383818,8.89358050208,148,chair_close,1,chair_away,0,-5.05727115345,25.932554541,0.195694151043,156,chair_close,1,chair_away,0,9.14067626342,53.6253706614,12.7180409901,264,occupied_away,2,chair_away,0,-16.9563411673,91.8801695108,0.617013230658,172,chair_close,1,chair_away,0,2.90322269118,15.1820063591,1.63386960258,380,occupied_close,3,chair_away,0,2.18288279658,15.9911332592,0.319512974622,388,occupied_close,3,chair_away,0,1.8095327695,15.3608628549,2.04742734206,396,occupied_close,3,chair_away,0,2.39443466614,13.8937885697,2.67272793432,3104,occupied_close,3,chair_away,0,21.0350272998,24.8058024417,2.2360435906,0112,chair_away,0,chair_away,0,-1.77579222154,24.9907069736,0.525450688258,0120,chair_away,0,chair_away,0,-16.7719229559,25.1724652227,0.972742172115,1128,chair_close,1,chair_away,0,-0.802679916825,25.3824375226,0.0864611639053,1136,chair_close,1,chair_away,0,-0.0558269361297,25.2820941535,0.265498010115,1144,chair_close,1,chair_away,0,31.9993508752,68.4244321648,0.397563240382,2152,occupied_away,2,chair_away,0,-0.255442578061,68.4030114265,0.214334394936,2160,occupied_away,2,chair_away,0,-0.0382236498372,68.5133454412,0.177808624595,2