time,prev_state,avg_diff,std_dev,std_diff, new_state
2,chair_away,0,50.3733491898,50.3733491898,37.1090269089,9.47945933962,112,chair_close,1,-3.76856610179,46.604783088,84.896620363,0.668072333242,225,occupied_away,2,-1.54227390885,45.0625091791,83.7632343173,0.326377487412,2