time,prev_state,avg_diff,std_dev,std_diff, new_state
7,chair_away,0,chair_away,0,93.8629086965,68.6496773591,015,chair_away,0,chair_away,0,0.661837066516,68.6265433741,023,chair_away,0,chair_away,0,-4.49516183206,61.8809022903,131,chair_away,0,chair_away,0,-41.2421849508,24.572709024,139,chair_away,0,chair_away,0,0.0915444061485,24.5297066097,047,chair_away,0,chair_away,0,0.0266651056276,24.6289186741,055,chair_away,0,chair_away,0,-0.107070462796,24.6249255767,063,chair_away,0,chair_away,0,0.0744979013667,24.5397173125,071,chair_away,0,chair_away,0,0.387819139414,24.5186182448,079,chair_away,0,chair_away,0,0.124391564509,24.2984969225,087,chair_away,0,chair_away,0,-0.242512267415,24.5950159116,095,chair_away,0,chair_away,0,0.0937106376729,24.5315345458,0