time,prev_state,avg_diff,std_dev,std_diff, new_state
26,chair_away,0,chair_away,0,85.0158751337,26.4816765432,0.331392145145,0.331392145145,0.155883443178,0.155883443178,0
34,chair_away,0,chair_away,0,-0.0841458752853,26.3899404768,0.320117675905,-0.0112744692406,0.0426297813173,-0.113253661861,0
42,chair_away,0,chair_away,0,-16.018422179,25.2089215199,15.5849408786,15.2648232027,1.06465128697,1.02202150565,1
50,chair_close,1,chair_away,0,-19.6857462796,24.3136749548,0.196903981635,-15.388036897,0.0430382234713,-1.0216130635,3
58,occupied_close,3,chair_away,0,-0.0148550665262,24.3054190278,0.184223395494,-0.0126805861404,0.0332812186161,-0.00975700485517,3
66,occupied_close,3,chair_away,0,-0.0569355352178,24.3322592285,0.197635289352,0.0134118938581,0.141625280048,0.108344061431,3
