time,prev_state,avg_diff,std_dev,std_diff, new_state
33,chair_away,0,chair_away,0,78.3705554008,24.4456529617,0.274547420027,041,chair_away,0,chair_away,0,0.11808681488,24.4455312689,0.327535683228,051,chair_away,0,chair_away,0,0.230944821329,24.5558225747,0.360103999767,061,chair_away,0,chair_away,0,-0.208460532054,24.5598495007,0.377992325156,0