time,prev_state,avg_diff,std_dev,std_diff, new_state
9,chair_away,0,chair_away,0,104.438788512,68.4315851102,017,chair_away,0,chair_away,0,-0.49057698524,68.4833046329,035,chair_away,0,chair_close,1,-55.5068491453,24.4137856695,143,chair_close,1,chair_close,1,-0.254458475571,24.4111165404,161,chair_close,1,occupied_close,3,10.0282625666,108.413014128,269,occupied_close,3,occupied_close,3,0.586728123694,110.212276029,3112,occupied_close,3,occupied_away,2,2.45121992482,17.325366723,3120,occupied_away,2,occupied_away,2,0.203890845004,17.4520053081,2196,occupied_away,2,occupied_away,2,-8.99596465904,16.6228411072,2204,occupied_away,2,occupied_away,2,12.2073833748,16.6808332979,2220,occupied_away,2,chair_close,1,-12.9843909188,24.8593288841,1228,chair_close,1,chair_close,1,0.131876559607,24.7497357915,1244,chair_close,1,chair_away,0,43.837186851,68.8528735954,0252,chair_away,0,chair_away,0,-0.0147992578521,68.4875759968,0272,chair_away,0,chair_away,0,-23.8058891967,24.5362688734,2280,chair_away,0,chair_away,0,-0.144903484935,24.5124080242,0