time,prev_state,avg_diff,std_dev,std_diff, new_state
7,chair_away,0,chair_away,0,96.8176608284,68.5603613439,0.256039727462,019,chair_away,0,chair_away,0,0.316888093948,68.5582280159,0.358643595474,029,chair_away,0,chair_away,0,-25.0463274226,37.1111167802,18.6716626941,139,chair_close,1,chair_away,0,-17.247954133,25.3340105216,0.143275396065,149,chair_close,1,chair_away,0,-0.0363455878364,25.3508069936,0.0363900739348,160,chair_close,1,chair_away,0,-0.00954071680705,25.2931217353,0.0382093685037,170,chair_close,1,chair_away,0,8.58221550783,40.6189203262,14.871500264,180,chair_close,1,chair_away,0,7.16652646661,74.5078019798,6.80775034987,090,chair_away,0,chair_away,0,-2.27505937219,18.6990059655,0.597333490863,0100,chair_away,0,chair_away,0,-0.897484521071,18.8120787342,1.49106240138,0