time,prev_state,avg_diff,std_dev,std_diff, new_state
9,chair_away,0,chair_away,0,99.1639696946,68.5670637536,0.260366920908,017,chair_away,0,chair_away,0,-16.8788507258,52.377581199,21.4095835381,125,chair_close,1,chair_away,0,-32.7037975961,25.8988956111,0.178128128963,133,chair_close,1,chair_away,0,-0.104377045351,25.8011089629,0.188513311832,141,chair_close,1,chair_away,0,15.1867457805,39.4815525701,16.8448128835,149,chair_close,1,chair_away,0,20.6981313624,68.5744180845,0.265802923477,057,chair_away,0,chair_away,0,0.196835929334,68.6148814383,0.371559264264,065,chair_away,0,chair_away,0,-12.6647090432,69.0024399193,10.1550897996,173,chair_close,1,chair_away,0,1.82413945073,69.5796631796,13.3150671251,081,chair_away,0,chair_away,0,-7.79311619577,64.481457741,4.10331318263,189,chair_close,1,chair_away,0,7.43284622324,69.7761098092,17.876283809,097,chair_away,0,chair_away,0,14.0120969162,68.5640658946,6.69062963697,0