time,prev_state,avg_diff,std_dev,std_diff, new_state
7,chair_away,0,chair_away,0,48.8276882927,24.3209552409,015,chair_away,0,chair_away,0,0.0590884565115,24.3727882897,023,chair_away,0,chair_away,0,17.1279332727,38.3562536009,031,chair_away,0,chair_away,0,28.4373218078,68.5287783543,039,chair_away,0,chair_away,0,-28.1605759051,36.441764957,147,chair_close,1,chair_away,0,-13.7311307619,24.5637179005,155,chair_close,1,chair_away,0,-0.0608184049123,24.4756557725,163,chair_close,1,chair_away,0,-0.050280674813,24.4968787355,171,chair_close,1,chair_away,0,31.0919552843,34.59330664,179,chair_close,1,chair_away,0,2.96225088089,15.4476723593,387,occupied_close,3,chair_away,0,9.00381599461,14.5834887215,195,chair_close,1,chair_away,0,-11.6791247265,14.8963564186,3103,occupied_close,3,chair_away,0,2.04852722779,14.8117307715,3111,occupied_close,3,chair_away,0,-24.1882448785,14.8033680607,3119,occupied_close,3,chair_away,0,1.59668311515,15.5728223883,3127,occupied_close,3,chair_away,0,-3.78925914598,14.256296263,3135,occupied_close,3,chair_away,0,-9.53649096434,10.0833078318,3143,occupied_close,3,chair_away,0,-0.869130641308,9.89976837227,3151,occupied_close,3,chair_away,0,20.211684588,32.8858824153,2159,occupied_away,2,chair_away,0,-1.08597681369,18.6618455014,2167,occupied_away,2,chair_away,0,26.1683043687,58.9813927809,0175,chair_away,0,chair_away,0,13.0172594086,68.4929537486,0183,chair_away,0,chair_away,0,-19.3879868749,68.6246080399,1191,chair_close,1,chair_away,0,-24.0920078262,68.4695447816,2199,occupied_away,2,chair_away,0,30.8087464174,68.4879886008,0207,chair_away,0,chair_away,0,8.08688518074,68.6567773362,0215,chair_away,0,chair_away,0,-35.6607703055,71.4972536036,1223,chair_close,1,chair_away,0,2.52487853016,72.4974699368,2231,occupied_away,2,chair_away,0,-0.0810143152873,72.4869493028,1239,chair_close,1,chair_away,0,-0.595971994233,74.5204855737,2247,occupied_away,2,chair_away,0,-0.839735515285,54.2563771208,1255,chair_close,1,chair_away,0,1.47205844229,17.3552574491,3