time,prev_state,avg_diff,std_dev,std_diff, new_state
0,chair_away,0,43.7780127381,43.7780127381,15.2887982481,0.81760572591,36,occupied_close,3,23.8070621635,67.5850749016,14.9334934023,29.9783845078,212,occupied_away,2,20.1259149445,87.7109898461,15.5704498291,34.8487023026,318,occupied_close,3,-7.24390281571,80.4670870304,14.7485852242,58.8865736444,329,occupied_close,3,9.80973094702,90.2768179774,15.1205028097,34.1551837208,038,chair_away,0,30.6967452168,120.973563194,14.8426294327,0.242866999859,248,occupied_away,2,-61.3398703662,59.6336928281,15.0418693369,20.3297495593,354,occupied_close,3,52.9740246859,112.607717514,15.00852108,24.2527274587,060,chair_away,0,9.04511064291,121.652828157,15.2690228075,0.823568506749,266,occupied_away,2,0.0408319963349,121.693660153,15.286783874,0.740060048741,272,occupied_away,2,0.187225209342,121.880885363,15.2981305122,1.17759460077,278,occupied_away,2,-0.627233982086,121.253651381,14.958140254,0.247064379913,293,occupied_away,2,-0.973153114319,120.280498266,15.2934283018,0.744299465706,2108,occupied_away,2,1.05105330204,121.331551568,15.7168034849,0.696116757465,2121,occupied_away,2,-53.988888757,67.3426628113,15.7040818171,28.8909536689,3137,occupied_close,3,25.22341609,92.5660789013,14.9019181728,39.9834254887,2147,occupied_away,2,28.2316625118,120.797741413,56.465369463,0,0159,chair_away,0,0.727820396423,121.52556181,15.2126729488,0,2168,occupied_away,2,-0.338468286726,121.187093523,16.1910507414,0.494605511682,2174,occupied_away,2,-0.571307208803,120.615786314,16.0345375538,0.26888846413,2183,occupied_away,2,0.421154499054,121.036940813,16.0529375076,0.257323368898,2195,occupied_away,2,-0.182350797038,120.854590016,16.1836497245,0.733646589252,2207,occupied_away,2,-0.905290918965,119.949299097,16.3371145725,0,2213,occupied_away,2,1.47341168844,121.422710785,16.4001776622,0.630516147127,2231,occupied_away,2,4.48408447779,125.906795263,15.8812046051,0,2244,occupied_away,2,2.0832836628,127.990078926,15.4334723949,0,2254,occupied_away,2,-6.63625001907,121.353828907,16.5694991748,0.651064531903,2