time,prev_state,avg_diff,std_dev,std_diff, new_state
8,chair_away,0,chair_away,0,103.217809657,68.5726059029,016,chair_away,0,chair_away,0,0.22738798533,68.4023806418,024,chair_away,0,chair_away,0,-0.0409547643489,68.5444941941,032,chair_away,0,chair_away,0,-47.6738910718,28.9481284068,140,chair_close,1,chair_away,0,-6.67799539638,26.1349264383,148,chair_close,1,chair_away,0,-0.0192503097735,26.2854176164,156,chair_close,1,chair_away,0,0.0474044412334,26.4580022363,164,chair_close,1,chair_away,0,-0.115410093427,26.2112478512,172,chair_close,1,chair_away,0,34.9584829627,51.729867201,280,occupied_away,2,chair_away,0,17.1767640294,68.3507775559,088,chair_away,0,chair_away,0,-0.787425537904,68.4554949403,096,chair_away,0,chair_away,0,-16.4663766821,68.3002245288,1104,chair_close,1,chair_away,0,-16.4381277822,16.5960067335,3112,occupied_close,3,chair_away,0,-2.77672050391,16.4711505175,3120,occupied_close,3,chair_away,0,9.1392124506,73.6238427998,1128,chair_close,1,chair_away,0,27.2537069309,72.6780563134,2136,occupied_away,2,chair_away,0,-30.276064656,71.4912422716,1144,chair_close,1,chair_away,0,-0.332220367618,73.0316419628,2152,occupied_away,2,chair_away,0,0.910369577733,72.9653422128,2160,occupied_away,2,chair_away,0,-0.0510224914587,74.387304866,2168,occupied_away,2,chair_away,0,-0.525351718626,73.5169617753,2176,occupied_away,2,chair_away,0,-15.9069169131,12.8604897586,3184,occupied_close,3,chair_away,0,1.57556667117,12.8688493004,3192,occupied_close,3,chair_away,0,20.2228381934,24.1446768796,2200,occupied_away,2,chair_away,0,1.82984556211,24.1531331922,2208,occupied_away,2,chair_away,0,-0.249852274792,24.1195985904,2216,occupied_away,2,chair_away,0,-0.0785705338595,24.104645228,2224,occupied_away,2,chair_away,0,0.360584125261,24.100499683,2